CodPaciente,Nome,Sexo,DataNascimento,Familia,MicroArea,Equipe,Telefone,Celular,EstadoCivil,Logradouro,Numero,Bairro,CodMunicipio,Complemento,Referencia,Profissao,CartaoSUS,NumeroProntuario,TipoDocumento,NumeroDocumento,OrgaoEmissor,EstadoOrgaoEmissor,Observacoes,DataCriacao,DataAlteracao,CodPessoa,CodBairro,CNESOrigem,PacienteOcasional,Falecido,DataPrevistaParto,CodEstado,NomePai,NomeMae,CodRacaCor,Cep,CodUsuarioCadSUS,Email,ReceberNotificacao,CodPaisOrigem,CodTipoLogradouro,CodEscolaridade,CodEstadoCivil,NomeContato,NomeResponsavelLegal,CodEstadoOrigem,CodMunicipioOrigem,FrequentaInstituicaoEnsino,CodTipoVinculoProfissional,RegistroFuncional,HorarioTrabalho,NumeroContaBancaria,AgenciaBancaria,CodTipoContaBancaria,Banco,LoginResponsavel,RGNumero,RGUF,CPF,NomeNormalizado,EntregouComprovanteResidencia,Gemeo,NomeSocial,NomeInstituicao,PacienteSituacaoRua,NIS,CodTipoOcorrencia,GrauParentescoContato,IdadeAproximada
1642,JOSE CARLOS ALBUQUERQUE VASCONCELOS,M,19/06/1968,,,,(__) ____-____,(91) 9-9907-9771,,VILA TETA,241,,3337,,,,703207639764596,1642.1,0,,,,,02-jan-2001 12:11:58,22-mar-2018 14:16:55,,22268,9020284,true,false,,15,,MARIA DAS GRACAS ALBUQUERQUE,9,,,,false,010,74,99,9,,,,,false,,,,,,,,andre.cunha,1736743,PA,36157473215,CGJ8 41IDGJ 1D2A48I48 A19GEJ8DGJ,,false,JOSE CARLOS ALBUQUERQUE VASCONCELOS,,false,,26,OUTRAS RELACOES,false
2843,LIANA P DOS REIS,F,17/05/1973,,,,(__) ____-____,(__) _-____-____,,TV DJALMA DUTRA PS IMDEPENDENCIA,5,,3337,,,,,2843.1,0,,,,,04-jan-2001 23:26:55,20-mar-2018 16:08:45,,272,9020284,true,false,,15,,LIANA P DOS REIS,9,,,,false,010,100,99,9,,,,,false,,,,,,,,hanna.pontes,,,,D81E1 I88J,,false,,,false,,26,OUTRAS RELACOES,false
4921,JOANA ALVES DE CASTRO,F,04/03/1936,,,,(__) ____-____,(__) _-____-____,,Almirante Tamandaré,465,,3337,,,,,4921.1,0,,,,,09-jan-2001 13:17:18,15-mar-2018 14:55:26,,3615,9020284,true,false,,15,,JOANA ALVES DE CASTRO,9,66020000,,,false,010,8,99,9,,,,,false,,,,,,,,hanna.pontes,,,,CG1E1 1DA8J 41J6IG,,false,,,false,,26,OUTRAS RELACOES,false
6035,CLAUDIO ROBERTO DE LIMA MARTINS,M,17/10/1968,,,,(__) ____-____,(__) _-____-____,,MERCEDES,370,,3337,AP 1002,,,705604499019516,123,0,,Não Informado,Não Informado,TESTES,04-mar-2016 09:11:15,22-mar-2018 14:19:33,,22268,9020284,false,false,,15,,SELMA LUCIA LIMA MARTINS,1,66093630,,,false,010,100,99,2,,,,,false,,,,,,,,andre.cunha,1540636,PA,30172110297,4D1A58G IG28I6G D8E1 E1I68EJ,false,false,CLAUDIO MARTINS,,false,,26,OUTRAS RELACOES,false
7676,JULIA ARAUJO AYRES,F,03/06/1998,,,,(__) ____-____,(91) 9-8039-9945,,NOVA,150,,3337,,,,706207598176665,7676.5,0,,,,,24-jul-2016 23:10:31,22-mar-2018 10:18:09,,19463,9020284,false,false,,15,,JOELMA DE FATIMA ARAUJO,9,,,,true,010,81,5,1,,,,,false,,,,,,,,01653634286,7430737,PA,04181383202,CAD81 1I1ACG 18I8J,,false,JULIA ARAUJO AYRES,,false,,26,OUTRAS RELACOES,false
9104,MARIA DO SOCORRO ALVES DE AZEVEDO,F,28/09/1947,,,,(__) ____-____,(__) _-____-____,,Assunção,120,,3337,,,,,9104.1,0,,,,,30-jul-2016 21:48:15,16-mar-2018 15:05:24,,23672,9020284,false,false,,15,,MARIA DA SIOLVA CABRAL,9,66113350,,,true,010,74,99,9,,,,,false,,,,,,,,hanna.pontes,1455010,PA,,E1I81 JG4GIG 1DA8J 1J8A85G,,false,,,false,,26,OUTRAS RELACOES,false
13974,TALITA ALBUQUERQUE NUNES,F,26/12/1998,,,,(__) ____-____,(__) _-____-____,,LOMAS VALENTINAS,26,,3337,,,,801434102084229,13974.2,0,,,,,16-ago-2016 20:22:11,16-mar-2018 10:36:11,,21539,9020284,true,false,14-mar-2017 00:00:00,15,,SIMONE DE SOUZA ALBUQUERQUE,9,,,,true,010,100,99,3,,,,,false,,,,,,,,00080734227,7970033,PA,,61D861 1D2A48I48 EAE8J,,false,TALITA ALBUQUERQUE NUNES,,false,,26,OUTRAS RELACOES,false
14947,NONATO BOMFIM MONTEIRO DE SA,M,22/10/1972,,,,(__) ____-____,(91) 9-8163-3102,,TIMBO,586,,3337,,,,898002030892698,14947.1,0,,,,,20-ago-2016 16:00:44,22-mar-2018 14:20:17,,19463,9020284,false,false,,15,,MARIA DAS NEVES MONTEIRO,9,,,,true,010,100,99,1,,,,,false,,,,,,,,andre.cunha,2042357,PA,,EGE16G 2GE08E EGE688IG J1,,false,NONATO BOMFIM MONTEIRO DE SA,,false,,26,OUTRAS RELACOES,false
15259,ACIONILDES BARROSO DOS SANTOS,M,05/11/1961,,,,(__) ____-____,(__) _-____-____,,TEOFILO SILVA,11,,3337,,,,,15259.1,0,,,,,22-ago-2016 06:50:27,20-mar-2018 16:06:57,,23692,9020284,false,false,,15,,MARIA RAIMUNDA DOS SANTOS,9,,,,true,010,74,99,2,,,,,false,,,,,,,,hanna.pontes,2633419,PA,12175145204,1J8GE8D58J 21IGJG J1E6GJ,,false,,,false,,26,OUTRAS RELACOES,false
18737,PATRIC ALBERTO ARAUJO MORAES,M,31/10/1977,,,,(__) ____-____,(91) 9-8024-7685,,Nove,80,,3337,,,,700509316357152,18737.1,0,,,,QUEDA DE MOTO,04-set-2016 20:15:20,22-mar-2018 14:47:46,,23628,9020284,false,false,,15,,LUZIA DA SILVA ARAUJO,9,66833080,,,true,010,4,99,9,,,,,false,,,,,,,,01653634286,,,66922240200,316I84 1D28I6G 1I1ACG EGI18J,,false,,,false,,26,OUTRAS RELACOES,false
20908,JOAO AUGUSTO LEAO LISBOA,M,20/08/1963,,,,(91) 3231-4443,(__) _-____-____,,da Marinha,451,,3337,,,,704805589919649,20908.1,0,,,,,13-set-2016 08:32:28,16-mar-2018 10:37:11,,15918,9020284,false,false,,15,,EGLATINA LEAO LISBOA,9,66623000,,,true,010,74,99,9,,,,,false,,,,,,,,00080734227,1721175,PA,17457939253,CE 1ABAJ6G D8E D8J2G1,,false,JOAO AUGUSTO LEAO LISBOA,,false,,26,OUTRAS RELACOES,false
21324,SHEILA DA CONCEICAO GOMES PAMPLONA,F,28/12/1980,,,,(__) ____-____,(91) 9-8050-1185,,PROMORAR Q.36 RUA 21,201,,3337,,,,708609503682481,21324.1,0,,,,,14-set-2016 17:44:56,15-mar-2018 15:41:17,,23988,9020284,false,false,,15,,RAIMUNDA MARTINS GOMES,9,,,,true,010,20,5,1,,,,,false,,,,,,,,00080734227,4040474,PA,84715235234,L88D1 4GEJ88JE BGE8J 31E38DGE1,,false,,,false,,26,OUTRAS RELACOES,false
33841,DENILSON DOS SANTOS DOS SANTOS,M,08/02/2016,,,,(__) ____-____,(91) 9-8356-5396,,Barão do Triunfo,46,,3337,,,,898004993670275,33841.1,0,,,,,24-out-2016 09:22:16,22-mar-2018 14:18:43,,21539,9020284,false,false,,15,,JESSICA NEVES DOS SANTOS,9,66120220,,,true,010,100,99,9,,,,,false,,,,,,,,andre.cunha,,,,58E8DJE J1E6GJ J1E6GJ,,false,DENILSON DOS SANTOS DOS SANTOS,,false,,26,OUTRAS RELACOES,false
34215,CLEITON DA SILVA FERREIRA,M,25/06/2013,,,,(__) ____-____,(__) _-____-____,,UMARIZAL,22,,3337,,,,898004821049645,34215.2,0,,,,NAO TEM TELEFONE,25-out-2016 11:04:51,22-mar-2018 14:17:38,,21539,9020284,false,false,,15,,MARCILENE DA SILVA FERREIRA,9,,,,true,010,74,99,9,,,,,false,,,,,,,,andre.cunha,,,,4D886E J8DA1 08I88I1,,false,CLEITON DA SILVA FERREIRA,,false,,26,OUTRAS RELACOES,false
35252,EDUARDO ALAN OLIVEIRA DA SILVA,M,13/10/1976,,,,(__) ____-____,(91) 9-8086-8490,,Marquês de Herval,2368,,3337,,,,707809633254714,35252.1,0,,,,,28-out-2016 09:57:26,22-mar-2018 10:15:58,,19463,9020284,false,false,,15,,TEREZA OLIVEIRA DA SILVA,9,66087320,,,true,010,8,99,9,,,,,false,,,,,,,,01653634286,2787356,PA,67497721291,85A1I5G 1DE GD8A88I1 J8DA1,,false,EDUARDO ALAN OLIVEIRA DA SILVA,,false,,26,OUTRAS RELACOES,false
35342,LUIS ALBERTO COSTA,M,17/07/1971,,,,(__) ____-____,(91) 9-8029-1334,,GASPAR DUTRA,143,,3337,,,,703408296250417,35342.1,0,,,,,28-out-2016 14:44:00,20-mar-2018 16:11:08,,4898,9020284,false,false,,15,,BENILDE COSTA,9,,,,true,010,81,99,1,,,,,false,,,,,,,,hanna.pontes,,,,DA8J 1D28I6G 4GJ61,,false,,,false,,26,OUTRAS RELACOES,false
36968,JESUS ARLEY ARIAS HIGUITA,M,18/02/1986,,,,(__) ____-____,(__) _-____-____,,SOL DOURADO BLOCO H,403,,3337,,,,700800463505481,36968.1,0,,,,,03-nov-2016 11:55:19,15-mar-2018 09:41:20,,20185,9020284,false,false,,15,,MARIA FRANQUELINA HIGUITA DUARTE,9,,,,true,010,20,99,9,,,,,false,,,,,,,,hanna.pontes,,,70143739271,C8JGJ 1ID88 1I81J 8BA861,,false,JESUS ARLEY ARIAS HIGUITA,,false,,26,OUTRAS RELACOES,false
45090,ESTEVAM ALVES VALENTE,M,28/11/1927,,,,(__) ____-____,(91) 9-8289-8089,,21 DE ABRIL,267,,3337,,,,700200975117923,45090.4,0,,,,,28-nov-2016 23:21:05,22-mar-2018 10:20:56,,4803,9020284,false,false,,15,,CARLOTA ALVES VALENTE,9,,,,true,010,100,99,9,,,,,false,,,,,,,,01653634286,4915126,PA,21207690287,8J68AE 1DA8J A1D8E68,,false,,,false,,26,OUTRAS RELACOES,false
47958,MARIANA ALBUQUERQUE TAVARES,F,12/09/1964,,,,(__) ____-____,(__) _-____-____,,universal qd d,7,,3337,,,,703400248798818,47958.2,0,,,,,10-dez-2016 20:22:09,15-mar-2018 09:40:40,,23692,9020284,false,false,,15,,ALZIRA DE ALBUQUERQUE RODRIGUES,9,,,,true,010,4,99,9,,,,,false,,,,,,,,hanna.pontes,2281584,PA,39158802215,E1I81E1 1D2A48I48 61A1I8J,,false,MARIANA ALBUQUERQUE TAVARES,,false,,26,OUTRAS RELACOES,false
48235,JOAO ANDRADE DE OLIVEIRA REIS,M,12/06/1955,,,,(__) ____-____,(91) 9-9184-6620,,VAL DE CAES QD 78,114,,3337,,,,703105880922160,48235.1,0,,,,,12-dez-2016 07:42:55,15-mar-2018 15:36:34,,1709,9020284,false,false,,15,,EDIVIGES ANDRADE DOS REIS,9,,,,true,010,81,4,2,,,,,false,,,,,,,,00080734227,3320432,PA,06353320272,CE 1E58I158 GD8A88I1 I88J,,false,JOAO ANDRADE DE OLIVEIRA REIS,,false,,26,OUTRAS RELACOES,false
49087,PEDRO ALCANTARA TAVARES,M,20/10/1939,,,,(__) ____-____,(91) 9-8066-0747,,BELEM,49,,3337,,,,700905928266592,49087.1,0,,,,,15-dez-2016 14:24:17,20-mar-2018 16:13:36,,23672,9020284,false,false,,15,,MARIA TAVARES,9,,,,true,010,74,99,9,,,,,false,,,,,,,,hanna.pontes,,,,3858IG 1D41E61I1 61A1I8J,,false,,,false,,26,OUTRAS RELACOES,false
51983,ANA DO SOCORRO BARBOSA BARROS,F,17/04/1959,,,,(91) 3083-8323,(91) 9-0000-0000,,Nena Barreto,33,,3337,,,,708403721673367,51983.1,0,,,,,26-dez-2016 10:48:29,16-mar-2018 10:34:25,,23672,9020284,false,false,,15,,MARIA DE LOURDES BRITO BARBOSA,9,66113280,,,true,010,74,99,9,,,,,false,,,,,,,,00080734227,1587960,PA,42759579204,1E1 JG4GIG 21I2GJ1 21IGJ,,false,,,false,,26,OUTRAS RELACOES,false
56782,LORENA ABREU DE PAULA,F,13/11/1987,,,,(__) ____-____,(91) 9-8259-0977,,MIRANDINHA,277,,3337,,,,702406050685921,56782.6,0,,,,PACIENTE COM MUITA FALTA DE AR,11-jan-2017 18:03:55,20-mar-2018 10:06:46,,1101,9020284,false,false,,15,,SEMIRAMES LOPES ABREU,9,,,,true,010,74,99,1,,,,,false,,,,,,,,01653634286,5694041,PA,00478306202,DGI8E1 128I8A 31AD1,,false,,,false,,26,OUTRAS RELACOES,false
67840,ANTONIA AGUIAR DA SILVA,F,20/09/1957,,,,(__) ____-____,(91) 9-8107-4490,,Santa Cruz,322,,3337,,,,702504284705640,67840.2,0,,,,,14-fev-2017 08:42:01,20-mar-2018 10:10:23,,23672,9020284,false,false,,15,,MARIA COUTINHO AGUIAR,9,66115080,,,true,010,74,99,2,,,,,false,,,,,,,,01653634286,6081503,PA,12920347268,1E6GE81 1BA81I J8DA1,,false,,,false,,26,OUTRAS RELACOES,false
35993,MARCO ANTHONY FEIO CORDEIRO,M,14/12/2007,,,,(__) ____-____,(91) 9-8804-7260,,SAO PEDRO,383,,3337,,,,898003418382632,35993.3,0,,,,,31-out-2016 10:29:48,15-mar-2018 15:38:18,,21539,9020284,false,false,,15,,AMANDA ROBERTA FEIO,9,,,,true,010,74,99,9,,,,,false,,,,,,,,00080734227,,,,E1I4G 1E6GE8 088G 4GI588IG,,false,MARCO ANTHONY FEIO CORDEIRO,,false,,26,OUTRAS RELACOES,false
40912,JOAQUINA CARDOSO FARIAS,F,12/10/1945,,,,(_9) 3233-7341,(91) 9-0000-0000,,SAO SEBASTIÃO,400,,3337,,,,708404273255169,40912.3,0,,,,,14-nov-2016 09:19:23,08-mar-2018 11:43:40,,21539,9020284,false,false,,15,,IZABEL CARDOSO FARIAS,9,,,,true,010,100,99,9,,,,,false,,,,,,,,hanna.pontes,6061370,PA,06796591291,CG148E1 41I5GJG 01I81J,,false,,,false,,26,OUTRAS RELACOES,false
42321,NILZA ANDRADE CATETTE,F,27/06/1929,,,,(__) ____-____,(91) 9-1000-0000,,NENA BARRETO,59,,3337,,,,700602904987966,42321.1,0,,,,,18-nov-2016 15:51:41,21-mar-2018 11:16:15,,23672,9020284,false,false,,15,,HERMOGENA OLIVEIRA,9,,,,true,010,74,99,9,,,,,false,,,,,,,,01653634286,,,,E8DJ1 1E58I158 416868,,false,NILZA ANDRADE CATETTE,,false,,26,OUTRAS RELACOES,false
58542,ANTONIO CARLOS DA SILVA DINIZ,M,12/10/1965,,,,(__) ____-____,(91) 9-8161-4852,,UBERABINHA,86,,3337,,,,704006382731967,58542.1,0,,,,,17-jan-2017 19:06:17,19-mar-2018 09:30:23,,23672,9020284,false,false,,15,,NASARE LUCILIA SILVAS DINIZ,9,,,,true,010,74,99,9,,,,,false,,,,,,,,01653634286,1311230,PA,,1E6GE8G 41IDGJ J8DA1 58E8J,,false,,,false,,26,OUTRAS RELACOES,false
60026,ENZO ALEXANDRE MARTINS FEIO,M,09/03/2015,,,,(__) ____-____,(91) 9-8324-0863,,DA MATA   PASSAGEM SANTA ROSA,21,,3337,,,,702005344043385,60026.1,0,,,,,23-jan-2017 08:47:37,20-mar-2018 16:12:11,,15918,9020284,false,false,,15,,MARIA IZABEL DO NASCIMENTO,9,,,,true,010,81,99,9,,,,,false,,,,,,,,hanna.pontes,,,,8EJG 1D8L1E58I8 E1I68EJ 088G,,false,,,false,,26,OUTRAS RELACOES,false
60074,JUAN CARLOS NUNES NASCIMENTO,M,03/02/1975,,,,(__) ____-____,(91) 9-8071-5427,,pio x,256,,3337,,,,700001815536009,60074.1,0,,,,,23-jan-2017 10:34:31,15-mar-2018 09:43:07,,15941,9020284,false,false,,15,,SANDRA MARIA NUNES NASCIMENTO,9,,,,true,010,74,99,9,,,,,false,,,,,,,,hanna.pontes,2579943,PA,57700460230,CAE 41IDGJ EAE8J E1J8E8E6G,,false,,,false,,26,OUTRAS RELACOES,false
61015,ROSANA ALESSANDRA BRABO RODRIGUES,F,19/12/1977,,,,(__) ____-____,(91) 9-8365-3613,,do acamoamento,494,,3337,,,,702606263885241,61015.1,0,,,,,26-jan-2017 11:15:20,16-mar-2018 10:35:07,,19463,9020284,false,false,,15,,EULINA JOANA BRABO RODRIGUES,9,,,,true,010,81,99,1,,,,,false,,,,,,,,00080734227,2910969,PA,51095610287,IGJ1E1 1D8J1E58I1 28I12G IG58I8BA8J,,false,,,false,,26,OUTRAS RELACOES,false
63965,ANTONIO ALEXANDRE MOREIRA COSTA,M,03/05/1954,,,,(__) ____-____,(__) _-____-____,,Celso Malcher,978,,3337,,,,898004880095585,63965.1,0,,,,AMIGDALITE,01-fev-2017 23:12:13,19-mar-2018 09:23:22,,23692,9020284,false,false,,15,,ADELIA MOREIRA COSTA,9,66070790,,,true,010,8,99,9,,,,,false,,,,,,,,01653634286,2509572,PA,08195935249,1E6GE8G 1D8L1E58I8 EGI88I1 4GJ61,,false,ANTONIO ALEXANDRE MOREIRA COSTA,,false,,26,OUTRAS RELACOES,false
67903,ANE BEATRIZ SARAIVA DIAS,F,03/10/2007,,,,(__) ____-____,(91) 9-8126-3181,,Álvaro Adolfo,204,,3337,,,,898002353811444,67903.1,0,,,,,14-fev-2017 11:13:32,22-mar-2018 10:14:39,,19463,9020284,false,false,,15,,LILIANE ALINE SARAIVA DIAS,9,66085030,,,true,010,74,99,9,,,,,false,,,,,,,,01653634286,,,,1E8 2816I8J J1I18A1 581J,,false,,,false,,26,OUTRAS RELACOES,false
69759,CARMEN DA SILVA TAVARES,F,23/02/1968,,,,(__) ____-____,(__) _-____-____,,VILHENA,140,,3337,,,,,69759.1,0,,,,,19-fev-2017 17:32:27,13-mar-2018 16:38:41,,23692,9020284,false,false,,15,,MARIA DA SILVA TAVARES,9,,,,true,010,74,99,9,,,,,false,,,,,,,,00080734227,1601008,PA,,41IE8E J8DA1 61A1I8J,,false,,,false,,26,OUTRAS RELACOES,false
76701,FERNANDA DO NASCIMENTO DE SOUZA,F,08/02/1947,,,,(91) 3233-8660,(91) 9-0000-0000,,do Acampamento,836,,3337,,,,700507765960156,76701.1,0,,,,,14-mar-2017 09:13:36,22-mar-2018 14:18:12,,23672,9020284,false,false,,15,,FRANCISCA DO NASCIMENTO,9,66083030,,,true,010,81,99,9,,,,,false,,,,,,,,andre.cunha,6082235,PA,26041936200,08IE1E51 E1J8E8E6G JGAJ1,,false,,,false,,26,OUTRAS RELACOES,false
76773,ELAINE CRISTINA ARAUJO DE SOUZA,F,03/06/1982,,,,(__) ____-____,(91) 9-8220-6522,,José Leal Martins,420,,3337,,,,708905769700914,76773.1,0,,,,,14-mar-2017 14:19:29,15-mar-2018 15:40:14,,15941,9020284,false,false,,15,,MARIA NAZARE DE ARAUJO,9,66095280,,,true,010,74,99,4,,,,,false,,,,,,,,00080734227,3612257,PA,,8D18E8 4I8J68E1 1I1ACG JGAJ1,,false,,,false,,26,OUTRAS RELACOES,false
22357,MARIANA AMADOR DE OLIVEIRA SILVA,F,05/07/1998,,,,(__) ____-____,(91) 9-8995-6627,,VILETA AL INDEPENDENTE,25,,3337,,,,702005312861082,22357.1,0,,,,,19-set-2016 06:55:33,20-mar-2018 16:09:54,,15941,9020284,false,false,,15,,ROSWEANE DO SOCORRO AMADOR DE OLIVEIRA SILVA,9,,,,true,010,100,99,1,,,,,false,,,,,,,,hanna.pontes,7788824,PA,,E1I81E1 1E15GI GD8A88I1 J8DA1,,false,,,false,,26,OUTRAS RELACOES,false
23241,ROSA AZEVEDO PEREIRA,F,08/05/1947,,,,(__) ____-____,(91) 9-8169-9834,,Álvaro Freitas,129,,3337,,,,704806544567841,23241.1,0,,,,,22-set-2016 09:15:01,15-mar-2018 15:39:16,,1101,9020284,false,false,,15,,ROSA PAULA LEAL DE AZEVEDO,9,66117120,,,true,010,74,99,9,,,,,false,,,,,,,,00080734227,6670382,PA,01538832275,IGJ1 1J8A85G 38I88I1,,false,ROSA AZEVEDO PEREIRA,,false,,26,OUTRAS RELACOES,false
35471,CAROLINA ALMEIDA GOMES,F,12/09/1983,,,,(__) ____-____,(__) _-____-____,,Doutor Rui Martins,26,,3337,,,,700607409250762,35471.1,0,,,,,28-out-2016 21:43:15,15-mar-2018 09:42:31,,21539,9020284,false,false,,15,,TEREZINHA DE JESUS ESCORCIO ALMEIDA,9,66123450,,,true,010,81,99,9,,,,,false,,,,,,,,hanna.pontes,4311328,PA,,41IGD8E1 1DE8851 BGE8J,,false,CAROLINA ALMEIDA GOMES,,false,,26,OUTRAS RELACOES,false
52937,ALINE ADRIANA LEAL,F,31/08/1977,,,,(__) ____-____,(91) 9-8841-3328,,IRMÃ ZENOBIA,34,,3337,,,,705008821962550,52937.2,0,,,,,29-dez-2016 08:59:43,21-mar-2018 11:18:15,,20185,9020284,false,false,,15,,MARIA DE JESUS LEAL,9,,,,true,010,74,2,1,,,,,false,,,,,,,,01653634286,2605151,PA,58736808253,1D8E8 158I81E1 D81D,,false,,,false,,26,OUTRAS RELACOES,false
64628,DANILO COUTO DE SOUZA,M,19/06/1998,,,,(__) ____-____,(91) 9-8264-3258,,Assunção,89,,3337,,,,705405494294694,64628.1,0,,,,,04-fev-2017 08:18:15,13-mar-2018 09:45:06,,23672,9020284,false,false,,15,,DALVA CARVALHO DO COUTO,9,66113350,,,true,010,74,99,9,,,,,false,,,,,,,,danilo.ferreira,7549305,PA,02260521258,51E8DG 4GA6G JGAJ1,,false,,,false,,26,OUTRAS RELACOES,false
68435,MARCIO ALEX RODRIGUES DOS SANTOS,M,20/04/1987,,,,(__) ____-____,(91) 9-8953-7493,,PM QD 58 RUA 42,192,,3337,,,,703602025127433,68435.1,0,,,,,15-fev-2017 17:56:44,22-mar-2018 10:17:24,,23988,9020284,false,false,,15,,RONILDA RODRIGUES SILVA,9,,,,true,010,20,99,9,,,,,false,,,,,,,,01653634286,4126949,PA,93579462253,E1IJ8G 1D88J IG58I8BA8J J1E6GJ,,false,,,false,,26,OUTRAS RELACOES,false
78831,CLAUDIO ALESSANDRO CARDOSO DE OLIVEIRA,M,18/08/1997,,,,(__) ____-____,(91) 9-8282-3659,,Carlos Drummond de Andrade,89,,3337,,,,898004086171726,78831.1,0,,,,,23-mar-2017 11:07:59,22-mar-2018 10:19:47,,15918,9020284,false,false,,15,,EDINEUZA CARDOSO MOURA,9,66615390,,,true,010,81,99,9,,,,,false,,,,,,,,01653634286,8054452,PA,,4D1A58G 1D8J1E58IG 41I5GJG GD8A88I1,,false,,,false,,26,OUTRAS RELACOES,false
82012,MARIA DE LOURDES ABREU DOS SANTOS,F,15/03/1940,,,,(__) ____-____,(91) 9-8161-0194,,são jorge,506,,3337,,,,898004064034513,82012.1,0,,,,não trouxe o RG.,05-abr-2017 12:13:25,20-mar-2018 16:06:25,,1101,9020284,false,false,,15,,MARIA IZAURA ABRU DOS SANTOS,9,,,,true,010,74,99,9,,,,,false,,,,,,,,hanna.pontes,,,,E1I81 DGAI58J 128I8A J1E6GJ,,false,,,false,,26,OUTRAS RELACOES,false
91191,ANA CRISTINA AIRES TAVARES,F,09/03/1972,,,,(__) ____-____,(91) 9-8048-2279,,CIPRIANO SANTOS,804,,3337,,,,703404949456100,91191.1,0,,,,,01-mai-2017 12:29:16,20-mar-2018 10:05:43,,2104,9020284,false,false,,15,,PERPETUA MARIA AIRES TAVARES,9,,,,true,010,81,99,9,,,,,false,,,,,,,,01653634286,2566025,PA,37746570259,1E1 4I8J68E1 18I8J 61A1I8J,,false,,,false,,26,OUTRAS RELACOES,false
117812,LUANA ADRIANE DA SILVA BARBOSA,F,19/09/2000,,,,(__) ____-____,(91) 9-9602-2108,,CAPITAO BRAGA PASS SAO PDRO,42,,3337,,,,,117812.1,0,,,,,20-ago-2017 20:20:22,20-mar-2018 16:18:41,,15918,9020284,false,false,,15,,MARIA DE NAZARE DA SILVA RODRIGUES,9,,,,true,010,81,99,9,,,,,false,,,,,,,,hanna.pontes,,,,DA1E1 158I81E8 J8DA1 21I2GJ1,,false,,,false,,26,OUTRAS RELACOES,false
125742,ISABEL ALEISSANDRA DA SILVA FERREIRA,F,12/07/1976,,,,(__) ____-____,(__) _-____-____,,7 DE SETEMBRO,136,,3337,,,,700706912654973,125742.2,0,,,,,25-set-2017 20:18:53,22-mar-2018 10:18:58,,1301,9020284,false,false,,15,,MARIA DA PAIXAO FERREIRA DA SILVA,9,,,,true,010,81,5,2,,,,,false,,,,,,,,01653634286,4094915,PA,70505276291,8J128D 1D88J1E58I1 J8DA1 08I88I1,,false,ISABEL ALEISSANDRA DA SILVA FERREIRA,,false,,26,NAO INFORMADO,false
133453,RAFAEL CARDOSO GUIMBAL DE AQUINO,M,20/11/1999,,,,(__) ____-____,(19) 9-8168-7158,,piraja,636,,3337,,,,898001023200122,133453.3,0,,,,,25-out-2017 05:57:54,15-mar-2018 15:38:45,,15941,9020284,false,false,,15,,MARIA RITA DO CARMO CARDOSO,9,,,,true,010,100,4,1,,,,,false,,,,,,,,00080734227,,,05176217201,I1018D 41I5GJG BA8E21D 148EG,,false,RAFAEL CARDOSO GUIMBAL DE AQUINO,,false,,26,NAO INFORMADO,false
59174,JACKELINE COSTA ALMEIDA,F,01/04/2009,,,,(__) ____-____,(91) 9-9626-0024,,VILETA,143,,3337,,,,898000756610925,59174.1,0,,,,,19-jan-2017 22:32:43,15-mar-2018 15:39:49,,19463,9020284,false,false,,15,,MARIA ODILENE DIAS DA COSTA,9,,,,true,010,100,99,9,,,,,false,,,,,,,,00080734227,,,,C148D8E8 4GJ61 1DE8851,,false,,,false,,26,OUTRAS RELACOES,false
66090,ANDERSON ALBERTO DA SILVA MENEZES,M,01/02/2013,,,,(__) ____-____,(91) 9-8275-0307,,NOVA,882,,3337,,,,898004068450732,66090.1,0,,,,,08-fev-2017 17:02:32,16-mar-2018 10:38:11,,19463,9020284,false,false,,15,,RENATA DE SOUZA DA SILVA,9,,,,true,010,81,99,9,,,,,false,,,,,,,,00080734227,,,,1E58IJE 1D28I6G J8DA1 E8E8J8J,,false,,,false,,26,OUTRAS RELACOES,false
70994,JACKSON ANDREY RAIOL MOURAO,M,23/02/1998,,,,(__) ____-____,(91) 9-8361-6185,,MARINHO,49,,3337,,,,898004013395756,70994.1,0,,,,,23-fev-2017 06:57:36,20-mar-2018 10:08:44,,4803,9020284,false,false,,15,,ARLETE GAIA RAIOL,9,,,,true,010,74,99,9,,,,,false,,,,,,,,01653634286,7544189,PA,,C14JE 1E58I88 I18GD EGAIE,,false,,,false,,26,OUTRAS RELACOES,false
81045,JULIANA AFONSO LOBATO,F,03/01/1998,,,,(__) ____-____,(91) 9-9245-0706,,SAO DOMINGOS,58,,3337,,,,700609916458560,81045.2,0,,,,,01-abr-2017 10:14:13,20-mar-2018 15:03:46,,23692,9020284,false,false,,15,,IZETE AFONSO LOBATO,9,,,,true,010,81,99,9,,,,,false,,,,,,,,hanna.pontes,7798896,PA,,CAD81E1 10GEJG DG216G,,false,,,false,,26,OUTRAS RELACOES,false
90789,DANILO ALVES BORGES,M,12/08/1998,,,,(__) ____-____,(91) 9-8044-9876,,Maracanã,437,,3337,,,,702909507853777,90789.1,0,,,,,29-abr-2017 12:34:47,15-mar-2018 15:37:45,,15918,9020284,false,false,,15,,SAMEIRE FURTADO ALVES,9,66620260,,,true,010,8,99,9,,,,,false,,,,,,,,00080734227,8256082,PA,02185922211,51E8DG 1DA8J 2GIC8J,,false,,,false,,26,OUTRAS RELACOES,false
101235,LIANA MOURAO FERREIRA,F,18/06/1964,,,,(__) ____-____,(91) 9-8215-1728,,BERNAUTO COUTO,682,,3337,,,,701404683848731,101235.1,0,,,,,09-jun-2017 19:17:30,20-mar-2018 10:08:17,,23910,9020284,false,false,,15,,IRENE MOURAO FERREIRA,9,,,,true,010,81,99,9,,,,,false,,,,,,,,01653634286,,,,D81E1 EGAIE 08I88I1,,false,,,false,,26,OUTRAS RELACOES,false
133829,LETICIA AMANDA DOS SANTOS BARBOSA,F,07/02/1994,,,,(__) ____-____,(__) _-____-____,,CARAPARU (FUNDOS),407,,3337,,,,,133829.2,0,,,,,26-out-2017 15:55:09,20-mar-2018 16:09:22,,6154,9020284,false,false,,15,,CRISTIANE DOS SANTOS BARBOSA,9,,,,true,010,81,99,9,,,,,false,,,,,,,,hanna.pontes,6817249,PA,,D868J81 1E1E51 J1E6GJ 21I2GJ1,,false,,,false,,26,NAO INFORMADO,false
140315,ADRIANA ALVES ALEXANDRINO,F,17/01/1975,,,,(__) ____-____,(91) 9-8121-5787,,"4,",42,,3372,,,,707403062005872,140315.2,0,,,,,23-nov-2017 22:35:50,20-mar-2018 10:07:46,,4709,9020284,false,false,,15,,MARIA DA CONCEICAO CHAVES ALVES,9,,,,true,010,74,99,2,,,,,false,,,,,,,,01653634286,2808601,PA,,158I81E1 1DA8J 1D8L1E58I8EG,,false,,,false,,26,NAO INFORMADO,false
140438,IURI SILVA SANTOS,M,09/06/1993,,,,(__) ____-____,(91) 9-9805-0140,,cipriano santos,285,,3337,,,,,140438.2,0,,,,,24-nov-2017 16:12:20,22-mar-2018 14:46:27,,2046,9020284,false,false,,15,,SONIA MARIA DOS SANTOS,9,,,,true,010,8,99,9,,,,,false,,,,,,,,01653634286,5843958,PA,01874184208,8AI8 J8DA1 J1E6GJ,,false,,,false,,26,NAO INFORMADO,false
142105,CASSIO SANTOS DE SOUZA,M,10/10/2005,,,,(__) ____-____,(91) 9-9114-3907,,2 AMERICAS,58,,3337,,,,,142105.2,0,,,,,02-dez-2017 15:55:52,21-mar-2018 11:17:03,,6154,9020284,false,false,,15,,SIMONE MARIA PEREIRA DOS SANTOS,9,,,celio_s.souza@hotmail.com,true,010,74,2,1,,,,,false,,,,,,,,01653634286,,,,41J8G J1E6GJ JGAJ1,,false,,,false,,26,PAIS,false
145139,ANA CAROLINA MARIANA DOS SANTOS,M,09/08/2017,,,,(__) ____-____,(__) _-____-____,,central,1,,733,,,,898005804820704,145139.1,0,,,,,27-fev-2018 14:09:41,13-mar-2018 16:42:39,,2553,9020284,false,false,,27,,MARIA DO SOCORRO DOS SANTOS,9,,,,true,010,8,99,9,,,,,false,,,,,,,,hanna.pontes,,,,1E1 41IGD8E1 E1I81E1 J1E6GJ,,false,,,false,,26,NAO INFORMADO,false
145140,ANA MARIA DA SILVA,F,08/10/1956,,,,(__) ____-____,(__) _-____-____,,Um,,,3337,,,,,145140.1,0,,,,paciente fez o cadastro sem documento,13-mar-2018 15:26:50,,,4710,9020284,false,false,,15,,ANA LEAO DA SILVA,9,66670320,,,true,010,81,99,9,,,,,false,,,,,,,,hanna.pontes,,,,1E1 E1I81 J8DA1,,false,,,true,,26,NAO INFORMADO,false
145141,ELIJANE LINHARES,F,14/03/1973,,,,(__) ____-____,(__) _-____-____,,TAVARES BASTOS,836,,3337,,,,,145141.1,0,,,,,13-mar-2018 16:43:24,,,15918,9020284,false,false,,15,,RUBENITA DE ASSIS,9,66615005,,ELIJANEVIEIRA@YAHOO.COM.BR,true,010,8,99,2,,,,,false,,,,,,,,00080734227,,,56951345287,8D8C1E8 D8E1I8J,,false,,,false,,26,NAO INFORMADO,false
94511,ROSELENE BARBOSA COUTINHO,F,23/02/1988,,,,(__) ____-____,(91) 9-8277-0446,,Santa Maria,2,,3337,,,,700500798534451,94511.1,0,,,,,11-mai-2017 19:37:00,22-mar-2018 10:23:36,,15918,9020284,false,false,,15,,ROSALINA BARBOSA BRABO,9,66615520,,,true,010,74,2,4,,,,,false,,,,,,,,01653634286,5379425,PA,00136544207,IGJ8D8E8 21I2GJ1 4GA68EG,,false,ROSELENE BARBOSA COUTINHO,,false,,26,OUTRAS RELACOES,false
107600,MARIA ADENILDE MARTINS DO CARMO,F,26/11/1969,,,,(__) ____-____,(91) 9-8205-1945,,maria cunha,1,,3337,,,,709008811194812,107600.1,0,,,,,08-jul-2017 02:25:31,15-mar-2018 15:36:08,,21539,9020284,false,false,,15,,ALDEVINA MARTINS DO CARMO,9,,,,true,010,74,5,1,,,,,false,,,,,,,,00080734227,1800261,PA,32820097200,E1I81 158E8D58 E1I68EJ 41IEG,,false,MARIA ADENILDE MARTINS DO CARMO,,false,,26,OUTRAS RELACOES,false
116978,MARIO ALBERTO LAMEIRA,M,28/09/1965,,,,(__) ____-____,(91) 9-8892-3548,,SANTO ANTONIO,444,,3337,,,,,116978.1,0,,,,,17-ago-2017 11:11:19,20-mar-2018 16:10:14,,4898,9020284,false,false,,15,,MARIA LAMEIRA,9,,,,true,010,74,99,9,,,,,false,,,,,,,,hanna.pontes,,,,E1I8G 1D28I6G D1E88I1,,false,,,false,,26,OUTRAS RELACOES,false
145142,IRANDIR DOS SANTOS SANTANA,M,24/12/1967,,,,(91) 9882-9880,(__) _-____-____,,Albi Miranda,2781,,3337,,,,,145142.1,0,,,,o paciente esta consciente e lucido,13-mar-2018 16:43:51,,,6154,9020284,false,false,,15,,SEBASTIANA DOS SANTOS SANTANA,9,66065020,,,true,010,74,99,2,socorro damasceno,,,,false,,,,,,,,00080734227,,,,8I1E58I J1E6GJ J1E61E1,,false,,,false,,26,NAO INFORMADO,false
145143,DORIVALDO I DAIBES DE SOUZA,M,12/04/1960,,,,(__) ____-____,(__) _-____-____,,roso danin,1128,,3337,,,,,145143.1,0,,,,,13-mar-2018 16:44:38,,,2046,9020284,false,false,,15,,MARIA DAIBES DE SOUZA,9,,,,true,010,81,99,9,,,,,false,,,,,,,,00080734227,,,,5GI8A1D5G AE 51828J JGAJ1,,false,,,false,,26,NAO INFORMADO,false
145144,MARIA ISABEL SILVA,F,23/02/1968,,,,(__) ____-____,(__) _-____-____,,Vilhena,,,3337,,,,,145144.1,0,,,,queimaduras expostas,13-mar-2018 16:46:08,,,23692,9020284,false,false,,15,,BERENICE SILVA,9,66070780,,,true,010,74,5,2,pedro luis,,,,false,,,,,,,,00080734227,2709900,PA,,E1I81 8J128D J8DA1,,false,,,false,,26,CONJUGE,false
145145,MIGUEL HOSANA BARBOSA BRANDAO,M,14/08/1964,,,,(91) 3184-6200,(91) 9-9997-1195,,Magalhães Barata,487,,3337,,,,700004861402306,145145.1,0,,,,"Paciente com intensa cefaleia
se queixa de queda",13-mar-2018 16:47:27,,,1301,9020284,false,false,,15,,MARIA ISABEL BARBOSA BRANDAO,9,66630040,,miguelhosana@yahoo.com.br,true,010,8,6,9,Isabel,,,,false,,,,,,,,00080734227,1500108,PA,16768230263,E8BA8D GJ1E1 21I2GJ1 28I1E58E,,false,,,false,,26,FILHO(A),false
145146,DANILO SOUZA,M,14/03/1973,,,,(__) ____-____,(91) 9-9999-9999,,Delmiro,139,,3337,,,,,145146.1,0,,,,,14-mar-2018 09:44:42,,,6154,9020284,false,false,,15,,MAE,9,66075130,,,true,010,74,99,9,,,,,false,,,,,,,,treinamentoupa,,,,51E8DG JGAJ1,,false,,,false,,26,PAIS,true
145147,LEA REGINA REIS DE ANDRADE,F,12/09/1967,,,,(91) 3259-4236,(91) 9-8868-6470,,Vinte de Fevereiro,530,,3337,,,,,145147.1,0,,,,crise asmatica,14-mar-2018 11:11:49,,,6154,9020284,false,false,,15,,MARIA REIS DE ANDRADE,9,66075335,,,true,010,100,99,1,,,,,false,,,,,,,,00080734227,,,,D81 I8C8E1 I88J 1E58I158,,false,,,false,,26,NAO INFORMADO,false
145148,GLAUBUS VINICIUS NEVES BARREIROS,M,31/08/1985,,,,(91) 3784-6202,(91) 9-8989-6448,,Getúlio Vargas,181,,3337,,,,708008399480525,145148.1,0,,,,,14-mar-2018 11:11:55,,,23507,9020284,false,false,,15,,JATANIA KATIA DO ROSARIO NEVES,9,66613070,,glaubusvnb@gmail.com,true,010,74,7,2,o mesmo,,,,false,,,,,,,,00080734227,4252420,PA,86121634200,BD1A2GJ A8E8J8GJ E8A8J 21I88IGJ,,false,GLAUBUS BARREIROS,,false,,26,NAO INFORMADO,false
145149,LAIZE MARIA CORREA PALHETA,F,05/09/1957,,,,(91) 3276-2449,(91) 9-9986-9997,,jose leal martins,671,,3337,,,,,145149.1,0,,,,,14-mar-2018 11:12:29,,,15941,9020284,true,false,,15,,RITA CORREA PALHETA,9,,,,true,010,8,5,1,,,,,false,,,,,,,,00080734227,,,,D18J8 E1I81 4GI81 31D8861,,false,,,false,,26,NAO INFORMADO,false
145150,MARGARETHOLIVEIRARIBEIRO,F,07/06/1974,,,,(__) ____-____,(__) _-____-____,,tijuca,38,,3337,,,,,145150.1,0,,,,,14-mar-2018 11:13:48,,,1891,9020284,false,false,,15,,TEREZINHA DE JESUS OLIVEIRA RIBEIRO,9,,,,true,010,74,99,9,,,,,false,,,,,,,,00080734227,,,,E1IB1I86GD8A88I1I8288IG,,false,,,false,,26,NAO INFORMADO,false
145151,MARCIO MARTINS DE CARVALHO,M,29/04/1977,,,,(91) 9813-1045,(09) 9-1310-4500,,centenario,102,,3337,,,,,145151.1,0,,,,,14-mar-2018 11:15:02,,,1301,9020284,false,false,,15,,MARIA MARTINS DE CARVALHO,9,,,,true,010,8,6,1,myau,,,,false,,,,,,,,00080734227,2893131,PA,50944592287,E1IJ8G E1I68EJ 41IA1D8G,,false,,,false,,26,OUTRAS RELACOES,false
145152,MANOEL JULIO DA SILVA BRITO,M,20/07/1968,,,,(__) ____-____,(91) 0-9834-8802,,Castro Alves,130,,3337,,,,,145152.1,0,,,,"febre, dor de cabeça",14-mar-2018 11:15:59,14-mar-2018 15:08:36,,1891,9020284,false,false,,15,,ANA ALVES DA SILVA BRITO,9,66813005,,,true,010,74,99,9,cristina,,,,false,,,,,,,,00080734227,,,,E1EG8D CAD8G J8DA1 28I86G,,false,,,false,,26,IRMAO(A),false
145153,BRUNISLEIDE DA SILVA COUTINHO,F,25/12/1985,,,,(__) ____-____,(__) _-____-____,,Almirante Tamandaré,890,,3337,,,,,145153.1,0,,,,,15-mar-2018 09:45:20,,,3615,9020284,false,false,25-jun-2018 00:00:00,15,,MARIA COLOMINA DOS SANTOS COUTINHO,9,66020000,,,true,010,8,99,9,,,,,false,,,,,,,,hanna.pontes,,,,28IAE8JD8858 J8DA1 4GA68EG,,false,,,false,,26,NAO INFORMADO,false
68939,MARIA EDUARDA ALMEIDA ALVES,F,16/03/2008,,,,(__) ____-____,(91) 9-8221-5532,,UMARIZAL,170,,3337,,,,701404677110831,68939.2,0,,,,,17-fev-2017 02:14:58,21-mar-2018 11:13:37,,1101,9020284,false,false,,15,,LEILA WILLCILENE OLIVEIRA ALMEIDA,9,,,,true,010,74,2,9,,,,,false,,,,,,,,01653634286,,,,E1I81 85A1I51 1DE8851 1DA8J,,false,,,false,,26,OUTRAS RELACOES,false
85401,MICHEL ABRAAO SOUZA FERREIRA,M,05/07/2010,,,,(__) ____-____,(91) 9-8032-1027,,Santo Antônio,112,,3337,,,,703200603025495,85401.3,0,,,,FRATURA NO BRAÇO,18-abr-2017 03:32:13,22-mar-2018 10:22:35,,1101,9020284,false,false,,15,,MILENE DO SOCORRO MARQUES SOUZA,9,66117440,,,true,010,74,99,9,,,,,false,,,,,,,,01653634286,,,03339044279,E8L8D 128IE JGAJ1 08I88I1,,false,,,false,,26,OUTRAS RELACOES,false
90309,JOAO CARLOS,M,10/11/2013,,,,(__) ____-____,(91) 9-8023-8325,,SANTA FE,49,,3337,,,,,90309.1,0,,,,"PACIENTE VEIO SEM NENHUM DOCUMENTO, E O AVÔ NÃO SABIA DA INFORMAÇÃO SOBRE SEUS DADOS.",27-abr-2017 12:14:34,22-mar-2018 14:47:16,,21539,9020284,false,false,,15,,ALICE DE SOUZA MESQUITA,9,,,,true,010,74,99,9,,,,,false,,,,,,,,01653634286,,,,CE 41IDGJ,,false,,,false,,26,OUTRAS RELACOES,false
101702,SANDRA ADRIELI PAIXAO DE MELO,F,26/08/1996,,,,(__) ____-____,(91) 9-8312-2441,,IMPERIAL,1,,3372,,,,705008257178956,101702.2,0,,,,,11-jun-2017 23:24:51,21-mar-2018 09:34:56,,16026,9020284,false,false,,15,,ERIKA ADRIANA DO LAGO PAIXAO,9,,,,true,010,81,6,1,,,,,false,,,,,,,,01653634286,7296447,PA,02883056200,J1E58I1 158I88D8 318LE E8DG,,false,SANDRA ADRIELI PAIXAO DE MELO,,false,,26,OUTRAS RELACOES,false
114848,HUGO DA SILVA BARROS,M,14/06/2005,,,,(__) ____-____,(91) 9-8838-5512,,s. domingos  passagem s. pedro,44,,3337,,,,898004038096582,114848.1,0,,,,,08-ago-2017 14:32:18,15-mar-2018 09:48:31,,23692,9020284,false,false,,15,,MARIA JANES SANTOS DA SILVA,9,,,,true,010,81,99,9,,,,,false,,,,,,,,hanna.pontes,,,,ABG J8DA1 21IGJ,,false,JOANA GONCALVES,,false,,26,OUTRAS RELACOES,false
117227,MARLI ALVES QUADROS,F,22/08/1943,,,,(__) ____-____,(91) 9-8293-9081,,dos Mundurucus,4533,,3337,,,,898004015743727,117227.1,0,,,,,18-ago-2017 10:34:05,20-mar-2018 10:09:32,,6154,9020284,false,false,,15,,OLIVIA MARIA DE LIMA,9,66073005,,,true,010,81,99,2,,,,,false,,,,,,,,01653634286,1800086,PA,,E1ID8 1DA8J 4158IGJ,,false,,,false,,26,OUTRAS RELACOES,false
118897,RAIANE ALMEIDA MACIEL,F,11/01/1996,,,,(__) ____-____,(91) 9-8899-3811,,SAMAUMEIRA,181,,3337,,,,700503521545458,118897.1,0,,,,,25-ago-2017 15:56:29,20-mar-2018 16:19:36,,23692,9020284,false,false,,15,,MARIA RAIMUNDA LOPES DE ALMEIDA,9,,,,true,010,81,99,9,,,,,false,,,,,,,,hanna.pontes,5590218,PA,,I181E8 1DE8851 E1J88D,,false,,,false,,26,OUTRAS RELACOES,false
121408,WILLIAM ASSUNCAO SILVA,M,01/02/1995,,,,(__) ____-____,(91) 9-8327-3583,,FERREIRA FILHO QD S,15,,3337,,,,704004181960770,121408.2,0,,,,,06-set-2017 17:30:20,15-mar-2018 15:37:07,,1301,9020284,false,false,,15,,RAIMUNDA NINATA SALES ASSUNCAO,9,,,,true,010,81,99,9,,,,,false,,,,,,,,00080734227,7320186,PA,,A8D8E 1JAEJE J8DA1,,false,,,false,,26,NAO INFORMADO,false
145154,ANTONIO,M,19/03/1983,,,,(__) ____-____,(91) 9-5555-5555,,Vinte e Cinco de Junho,111,,3337,,,,,145154.1,0,,,,,19-mar-2018 09:43:13,19-mar-2018 09:43:56,,6154,9020284,false,false,,15,,MAE DOI ANTONIO,9,66075513,,,true,010,100,99,9,,,,,false,,,,,,,,01653634286,,,,1E6GE8G,,false,,,false,,26,NAO INFORMADO,true
145155,ANTONIO JOSE VIEIRA BESSA ARAUJO,M,30/07/1974,,,,(91) 3229-2929,(91) 9-8302-2222,,WE-2,165,,3337,,,,,145155.1,0,,,,,19-mar-2018 11:26:44,,,4710,9020284,false,false,,15,,ANTONIA VIEIRA ARAUJO,9,66670380,,,true,010,100,7,2,,,,,false,,,,,,,,01653634286,1234567,PA,99999999999,1E6GE8G CGJ8 A888I1 28J1 1I1ACG,,false,,,false,,26,NAO INFORMADO,false
145156,ANTONIO CLAUDIO MARTINS FERREIRA,M,02/12/1971,,,,(91) 3263-7441,(91) 9-8349-2120,,Ely Menezes,18,,3372,,,,,145156.1,0,,,,,19-mar-2018 11:27:27,,,48813,9020284,false,false,,15,,TEREZINHA MARTINS FERREIRA,9,67133803,,,true,010,74,7,2,,,,,false,,,,,,,,01653634286,1839686,PA,43150390206,1E6GE8G 4D1A58G E1I68EJ 08I88I1,,false,,,false,,26,NAO INFORMADO,false
145157,ANGELA MARIA NASCIMENTO DE OLIVEIRA,F,30/03/1962,,,,(__) ____-____,(91) 9-8123-4371,,conceiçao,3,,3337,,,,,145157.1,5,,,,dor e febre,19-mar-2018 11:28:54,,,2046,9020284,false,false,,15,,MARIA IRACI DOS SANTOS NASCIMENTO,9,,,,true,010,74,3,9,danielle nascimento,,,,false,,,,,,,,01653634286,,,13418358204,1EC8D1 E1I81 E1J8E8E6G GD8A88I1,,false,,,false,,26,FILHO(A),false
145158,ANTONIO PASCOAL DE OLIVEIRA GOMES,M,18/09/1972,,,,(91) 9823-3692,(__) _-____-____,,medice 2,244,,3337,,,,,145158.1,0,,,,,19-mar-2018 11:29:00,,,15918,9020284,false,false,,15,,MARIA MONICA DE OLIVEIRA GOMES,9,66620140,,,true,010,20,99,9,,,,,false,,,,,,,,01653634286,,,,1E6GE8G 319G1D GD8A88I1 BGE8J,,false,,,false,,26,NAO INFORMADO,false
145159,EDINALDO DE OLIVEIRA COSTA,M,07/06/1973,,,,(__) ____-____,(__) _-____-____,,Santa Fé,23,,3372,,,,,145159.1,0,,,,Paciente informe sentir dores de cabeça intensa acompanhado de muita febre.,19-mar-2018 11:29:16,,,6324,9020284,true,false,,15,,FRANCISCA NASCIMENTO DE OLIVEIRA,9,67125820,,,true,010,31,11,5,Selma Braga,,,,false,,,,,,,,01653634286,2069245,PA,44075707253,858E1D5G GD8A88I1 4GJ61,,false,,,false,,26,OUTRAS RELACOES,false
145160,LILIANA DE JESUS,F,21/03/2011,,,,(__) ____-____,(91) 9-0888-8888,,Vinte e Cinco de Junho,4132,,3337,,,,,145160.1,0,,,,,21-mar-2018 09:52:37,,,6154,9020284,false,false,,15,,ELIANA MARIA,9,66075513,,,true,010,100,99,9,,,,,false,,,,,,,,01653634286,,,,D8D81E1 C8JGJ,,false,,,false,,26,NAO INFORMADO,true
145161,SANDRO SANTOS,M,23/10/2006,,,,(__) ____-____,(__) _-____-____,,sao miguel,37,,3337,,,,,145161.1,0,,,,,21-mar-2018 11:14:17,,,6154,9020284,false,false,,15,,ANGELA SANTOS,9,,,,true,010,81,99,9,,,,,false,,,,,,,,01653634286,,,,J1E58IG J1E6GJ,,false,,,false,,26,NAO INFORMADO,false
145162,WANDETE RIBEIRO PAMPLONA,F,11/01/1974,,,,(__) ____-____,(91) 9-8834-3697,,Barão de Mamoré,764,,3337,,,,,145162.1,0,,,,febre alta e dor no corpo,21-mar-2018 11:14:44,,,6154,9020284,false,false,,15,,IZAURA PAMPLONA,9,66073070,,,true,010,100,99,1,Sandra,,,,false,,,,,,,,01653634286,,,,A1E5868 I8288IG 31E38DGE1,,false,,,false,,26,OUTRAS RELACOES,false
145163,MARIA DE NAZARE FERREIRA SOARES,F,10/06/1972,,,,(__) ____-____,(__) _-____-____,,Magalhães Barata,,,3337,,,,,145163.1,0,,,,,21-mar-2018 11:15:47,,,6154,9020284,false,false,,15,,DOMINGAS PINHEIRO DA COLSTA FERREIRA,9,66065410,,,true,010,74,99,2,marcos,,,,false,,,,,,,,01653634286,1907124,PA,,E1I81 E1J1I8 08I88I1 JG1I8J,,false,,,false,,26,CONJUGE,false
145164,IVANA,F,21/03/1993,,,,(91) 3233-0702,(91) 9-8262-0000,,rua,,,3337,,,,,145164.1,0,,,,,21-mar-2018 11:17:45,,,19463,9020284,false,false,,15,,RAIMUNDA NAZARE DA SILVA,9,66083260,,,true,010,4,6,1,raimunda,,,,false,,,,,,,,01653634286,,,,8A1E1,,false,,,false,,26,NAO INFORMADO,true
145165,IVAN BARBOSA SILVA,M,05/04/1970,,,,(__) ____-____,(__) _-____-____,,Almirante Tamandaré,500,,3337,,,,,145165.1,0,,,,,21-mar-2018 15:12:48,21-mar-2018 15:20:47,,3615,9020284,false,false,,15,,MARIA BARBOSA SILVA,9,66020000,,,true,010,8,99,9,,,,,false,,,,,,,,hanna.pontes,,,,8AE 21I2GJ1 J8DA1,,false,,,false,,26,NAO INFORMADO,false
139106,JAQUELINE CARDOSO PAES,F,29/08/1994,,,,(91) 3244-2319,(91) 0-0000-0000,,lava pes,32,,3337,,,,705006602790256,139106.2,0,,,,,18-nov-2017 10:09:21,15-mar-2018 15:40:43,,23672,9020284,false,false,,15,,LAURIETE DA SILVA CARDOSO,9,,,,true,010,74,99,9,,,,,false,,,,,,,,00080734227,,,,C148D8E8 41I5GJG 318J,,false,,,false,,26,NAO INFORMADO,false
